Fecha (UTC),Planeta Transito,Aspecto,Planeta Natal,Orbe,Pos. Transito,Pos. Natal
2025-01-02 03:47:06,Luna,Sextil,Venus,0.003671,309.607746,249.611417
2025-01-02 20:05:51,Luna,Sextil,Mercurio,0.003837,318.925356,258.929193
2025-01-02 20:32:34,Luna,Cuadratura,Neptuno,0.002451,319.180612,229.183063
2025-01-02 21:06:19,Mercurio,Cuadratura,Marte,0.000402,262.330519,172.330921
2025-01-02 21:09:08,Luna,Trígono,Luna,0.002360,319.529981,199.532341
2025-01-03 16:48:59,Luna,Conjunción,Saturno,0.004011,330.844491,330.848502
2025-01-03 22:36:19,Venus,Conjunción,Saturno,0.000140,330.848642,330.848502
2025-01-04 00:28:49,Luna,Sextil,Sol,0.005796,335.273257,275.279053
2025-01-04 07:58:49,Luna,Cuadratura,Venus,0.004668,339.616085,249.611417
2025-01-04 16:57:25,Luna,Oposición,Urano,0.002060,344.824406,164.826466
2025-01-04 19:30:42,Luna,Oposición,Plutón,0.003758,346.308622,166.312380
2025-01-04 20:51:33,Saturno,Oposición,Urano,0.000055,344.826521,164.826466
2025-01-04 22:27:53,Sol,Trígono,Urano,0.000171,284.826637,164.826466
2025-01-05 00:00:42,Luna,Cuadratura,Mercurio,0.004178,348.925015,258.929193
2025-01-05 00:27:25,Luna,Trígono,Neptuno,0.001001,349.184064,229.183063
2025-01-05 05:52:15,Luna,Oposición,Marte,0.004524,352.335445,172.330921
2025-01-06 04:02:34,Luna,Cuadratura,Sol,0.003982,5.275071,275.279053
2025-01-06 09:26:43,Sol,Trígono,Plutón,0.000051,286.312329,166.312380
2025-01-06 11:26:57,Luna,Trígono,Venus,0.002752,9.608665,249.611417
2025-01-07 03:20:23,Luna,Trígono,Mercurio,0.005176,18.924017,258.929193
2025-01-07 04:22:15,Luna,Oposición,Luna,0.003017,19.529324,199.532341
2025-01-07 23:38:12,Luna,Sextil,Saturno,0.004304,30.852806,330.848502
2025-01-08 04:14:31,Venus,Sextil,Sol,0.000069,335.279122,275.279053
2025-01-08 07:09:36,Luna,Trígono,Sol,0.002470,35.281523,275.279053
2025-01-09 02:08:40,Luna,Conjunción,Júpiter,0.004724,46.467415,46.462691
2025-01-09 05:03:02,Sol,Sextil,Neptuno,0.000090,289.182973,229.183063
2025-01-09 06:45:42,Luna,Oposición,Neptuno,0.005904,49.188967,229.183063
2025-01-09 13:16:38,Sol,Cuadratura,Luna,0.000119,289.532222,199.532341
2025-01-10 02:32:34,Luna,Cuadratura,Saturno,0.005338,60.843164,330.848502
2025-01-10 17:26:57,Luna,Oposición,Venus,0.004840,69.606577,249.611417
2025-01-11 09:21:47,Luna,Oposición,Mercurio,0.002542,78.926651,258.929193
2025-01-12 02:15:42,Mercurio,Conjunción,Sol,0.000459,275.279512,275.279053
2025-01-12 05:52:15,Luna,Trígono,Saturno,0.002128,90.850630,330.848502
2025-01-12 07:12:25,Sol,Trígono,Marte,0.000256,292.330665,172.330921
2025-01-12 10:16:38,Venus,Cuadratura,Venus,0.000283,339.611134,249.611417
2025-01-12 13:32:06,Luna,Oposición,Sol,0.005474,95.273579,275.279053
2025-01-13 09:06:19,Luna,Sextil,Júpiter,0.001680,106.464371,46.462691
2025-01-15 15:17:34,Luna,Cuadratura,Júpiter,0.002368,136.465059,46.462691
2025-01-16 18:23:12,Luna,Oposición,Saturno,0.002183,150.850685,330.848502
2025-01-17 17:38:12,Venus,Oposición,Urano,0.000258,344.826208,164.826466
2025-01-17 21:26:00,Luna,Conjunción,Urano,0.005238,164.821228,164.826466
2025-01-18 00:21:47,Luna,Conjunción,Plutón,0.001168,166.313548,166.312380
2025-01-18 00:40:04,Luna,Trígono,Júpiter,0.005842,166.468533,46.462691
2025-01-18 11:25:32,Mercurio,Trígono,Urano,0.000641,284.827107,164.826466
2025-01-18 12:14:45,Luna,Conjunción,Marte,0.001491,172.329430,172.330921
2025-01-19 07:03:16,Venus,Oposición,Plutón,0.000100,346.312480,166.312380
2025-01-19 10:41:57,Mercurio,Trígono,Plutón,0.000471,286.311909,166.312380
2025-01-20 19:02:34,Luna,Conjunción,Luna,0.003946,199.528395,199.532341
2025-01-21 07:18:45,Mercurio,Sextil,Neptuno,0.000059,289.183004,229.183063
2025-01-21 07:41:15,Saturno,Oposición,Plutón,0.000007,346.312387,166.312380
2025-01-21 12:42:53,Mercurio,Cuadratura,Luna,0.000566,289.532907,199.532341
2025-01-22 02:24:08,Venus,Cuadratura,Mercurio,0.000103,348.929090,258.929193
2025-01-22 09:03:30,Venus,Trígono,Neptuno,0.000330,349.183393,229.183063
2025-01-22 22:19:27,Luna,Sextil,Urano,0.004605,224.831071,164.826466
2025-01-23 01:18:02,Luna,Sextil,Plutón,0.001904,226.314284,166.312380
2025-01-23 01:36:19,Luna,Oposición,Júpiter,0.003566,226.466257,46.462691
2025-01-23 07:02:34,Luna,Conjunción,Neptuno,0.000214,229.183277,229.183063
2025-01-23 07:39:08,Mercurio,Trígono,Marte,0.000417,292.331338,172.330921
2025-01-23 13:19:27,Luna,Sextil,Marte,0.003385,232.334306,172.330921
2025-01-24 23:11:29,Luna,Conjunción,Venus,0.001982,249.609435,249.611417
2025-01-25 09:11:57,Luna,Cuadratura,Urano,0.002540,254.823926,164.826466
2025-01-25 12:02:06,Luna,Cuadratura,Plutón,0.000590,256.311790,166.312380
2025-01-25 17:00:14,Luna,Conjunción,Mercurio,0.000671,258.929864,258.929193
2025-01-25 18:09:08,Luna,Sextil,Luna,0.004707,259.537048,199.532341
2025-01-25 21:20:23,Venus,Oposición,Marte,0.000062,352.330859,172.330921
2025-01-25 23:25:32,Luna,Cuadratura,Marte,0.004323,262.335244,172.330921
2025-01-26 23:24:08,Luna,Conjunción,Sol,0.006254,275.272799,275.279053
2025-01-27 16:41:57,Luna,Trígono,Urano,0.001651,284.828117,164.826466
2025-01-27 19:20:51,Luna,Trígono,Plutón,0.004983,286.307397,166.312380
2025-01-28 00:28:49,Luna,Sextil,Neptuno,0.003212,289.186275,229.183063
2025-01-28 01:05:23,Luna,Cuadratura,Luna,0.003245,289.529096,199.532341
2025-01-28 06:03:30,Luna,Trígono,Marte,0.001556,292.332477,172.330921
2025-01-29 06:48:30,Sol,Sextil,Venus,0.000225,309.611642,249.611417
2025-01-29 12:10:32,Luna,Sextil,Venus,0.001118,309.610299,249.611417
2025-01-30 04:06:47,Luna,Sextil,Mercurio,0.005347,318.923846,258.929193
2025-01-30 04:33:30,Luna,Cuadratura,Neptuno,0.002411,319.185474,229.183063
2025-01-30 05:08:40,Luna,Trígono,Luna,0.002514,319.529827,199.532341
2025-01-31 00:17:34,Luna,Conjunción,Saturno,0.006780,330.841722,330.848502
2025-01-31 07:46:10,Luna,Sextil,Sol,0.004723,335.283776,275.279053
2025-01-31 15:02:06,Luna,Cuadratura,Venus,0.000980,339.610437,249.611417
2025-01-31 23:46:38,Luna,Oposición,Urano,0.000343,344.826123,164.826466
2025-02-01 02:15:42,Luna,Oposición,Plutón,0.002604,346.309776,166.312380
2025-02-01 06:38:40,Luna,Cuadratura,Mercurio,0.000902,348.928291,258.929193
2025-02-01 07:03:59,Luna,Trígono,Neptuno,0.002659,349.180404,229.183063
2025-02-01 12:20:23,Luna,Oposición,Marte,0.001552,352.332473,172.330921
2025-02-02 09:59:45,Luna,Cuadratura,Sol,0.002077,5.276976,275.279053
2025-02-02 17:15:42,Luna,Trígono,Venus,0.003140,9.614557,249.611417
2025-02-02 22:15:14,Mercurio,Sextil,Venus,0.000170,309.611587,249.611417
2025-02-03 08:53:40,Luna,Trígono,Mercurio,0.000739,18.928454,258.929193
2025-02-03 09:54:08,Luna,Oposición,Luna,0.004534,19.527807,199.532341
2025-02-04 04:58:49,Luna,Sextil,Saturno,0.005728,30.842774,330.848502
2025-02-04 12:28:49,Luna,Trígono,Sol,0.006159,35.272894,275.279053
2025-02-05 07:30:42,Luna,Conjunción,Júpiter,0.000605,46.462086,46.462691
2025-02-05 12:09:08,Luna,Oposición,Neptuno,0.004727,49.178336,229.183063
2025-02-06 08:11:29,Luna,Cuadratura,Saturno,0.000186,60.848688,330.848502
2025-02-06 23:21:19,Luna,Oposición,Venus,0.001152,69.612569,249.611417
2025-02-07 11:12:53,Sol,Sextil,Mercurio,0.000343,318.929536,258.929193
2025-02-07 15:35:51,Luna,Oposición,Mercurio,0.001187,78.930380,258.929193
2025-02-07 17:12:53,Sol,Cuadratura,Neptuno,0.000327,319.182736,229.183063
2025-02-08 01:30:00,Sol,Trígono,Luna,0.000014,319.532327,199.532341
2025-02-08 08:03:02,Mercurio,Sextil,Mercurio,0.000604,318.928589,258.929193
2025-02-08 11:31:10,Mercurio,Cuadratura,Neptuno,0.000407,319.182656,229.183063
2025-02-08 12:34:27,Luna,Trígono,Saturno,0.001484,90.849986,330.848502
2025-02-08 16:17:20,Mercurio,Trígono,Luna,0.000091,319.532432,199.532341
2025-02-08 20:25:32,Luna,Oposición,Sol,0.002986,95.276067,275.279053
2025-02-09 16:26:29,Luna,Sextil,Júpiter,0.002452,106.465143,46.462691
2025-02-11 23:29:45,Luna,Cuadratura,Júpiter,0.000177,136.462514,46.462691
2025-02-12 07:22:15,Venus,Cuadratura,Sol,0.000074,5.278979,275.279053
2025-02-13 02:45:14,Luna,Oposición,Saturno,0.005697,150.854199,330.848502
2025-02-14 05:46:38,Luna,Conjunción,Urano,0.004513,164.821953,164.826466
2025-02-14 07:49:41,Saturno,Cuadratura,Mercurio,0.000006,348.929187,258.929193
2025-02-14 08:41:00,Luna,Conjunción,Plutón,0.005079,166.307301,166.312380
2025-02-14 08:59:17,Luna,Trígono,Júpiter,0.000152,166.462843,46.462691
2025-02-14 20:31:10,Luna,Conjunción,Marte,0.005756,172.325165,172.330921
2025-02-14 23:12:53,Mercurio,Conjunción,Saturno,0.000618,330.847884,330.848502
2025-02-16 11:43:07,Saturno,Trígono,Neptuno,0.000066,349.182997,229.183063
2025-02-17 03:03:30,Luna,Conjunción,Luna,0.001481,199.533822,199.532341
2025-02-17 08:53:40,Mercurio,Sextil,Sol,0.000708,335.279761,275.279053
2025-02-19 06:18:16,Sol,Conjunción,Saturno,0.000054,330.848556,330.848502
2025-02-19 06:24:36,Luna,Sextil,Urano,0.001775,224.824691,164.826466
2025-02-19 09:24:36,Luna,Sextil,Plutón,0.004561,226.307819,166.312380
2025-02-19 09:42:53,Luna,Oposición,Júpiter,0.004154,226.458537,46.462691
2025-02-19 15:13:21,Luna,Conjunción,Neptuno,0.003085,229.186148,229.183063
2025-02-19 16:51:47,Mercurio,Cuadratura,Venus,0.000764,339.610653,249.611417
2025-02-19 21:33:02,Luna,Sextil,Marte,0.002784,232.328137,172.330921
2025-02-21 07:56:00,Luna,Conjunción,Venus,0.005270,249.616687,249.611417
2025-02-21 18:06:19,Luna,Cuadratura,Urano,0.002165,254.824301,164.826466
2025-02-21 20:59:17,Luna,Cuadratura,Plutón,0.002794,256.309586,166.312380
2025-02-22 01:22:58,Venus,Trígono,Venus,0.000038,9.611379,249.611417
2025-02-22 02:03:02,Luna,Conjunción,Mercurio,0.000624,258.928569,258.929193
2025-02-22 03:13:21,Luna,Sextil,Luna,0.004470,259.536811,199.532341
2025-02-22 08:35:23,Luna,Cuadratura,Marte,0.001556,262.332477,172.330921
2025-02-22 12:21:47,Mercurio,Oposición,Urano,0.000400,344.826866,164.826466
2025-02-23 07:44:45,Mercurio,Oposición,Plutón,0.000249,346.312629,166.312380
2025-02-23 09:00:42,Luna,Conjunción,Sol,0.003510,275.275543,275.279053
2025-02-23 15:50:37,Sol,Sextil,Sol,0.000057,335.278996,275.279053
2025-02-24 02:33:59,Luna,Trígono,Urano,0.001130,284.825336,164.826466
2025-02-24 05:15:42,Luna,Trígono,Plutón,0.001457,286.310923,166.312380
2025-02-24 10:26:29,Luna,Sextil,Neptuno,0.002503,289.180560,229.183063
2025-02-24 11:04:27,Luna,Cuadratura,Luna,0.000141,289.532482,199.532341
2025-02-24 16:05:23,Luna,Trígono,Marte,0.001170,292.332091,172.330921
2025-02-24 18:13:21,Mercurio,Cuadratura,Mercurio,0.000333,348.928860,258.929193
2025-02-24 21:35:51,Mercurio,Trígono,Neptuno,0.000427,349.182636,229.183063
2025-02-25 22:20:51,Luna,Sextil,Venus,0.005109,309.606308,249.611417
2025-02-26 14:14:17,Luna,Sextil,Mercurio,0.001381,318.930574,258.929193
2025-02-26 14:39:36,Luna,Cuadratura,Neptuno,0.002758,319.180305,229.183063
2025-02-26 15:14:45,Luna,Trígono,Luna,0.005010,319.527331,199.532341
2025-02-26 16:06:47,Mercurio,Oposición,Marte,0.000625,352.331546,172.330921
2025-02-27 10:11:00,Luna,Conjunción,Saturno,0.000080,330.848422,330.848502
2025-02-27 17:31:10,Luna,Sextil,Sol,0.004172,335.283225,275.279053
2025-02-27 23:13:35,Sol,Cuadratura,Venus,0.000001,339.611416,249.611417
2025-02-28 00:38:40,Luna,Cuadratura,Venus,0.001315,339.612732,249.611417
2025-02-28 09:10:32,Luna,Oposición,Urano,0.004991,344.821475,164.826466
2025-02-28 11:36:47,Luna,Oposición,Plutón,0.001584,346.313964,166.312380
2025-02-28 15:52:44,Luna,Cuadratura,Mercurio,0.000580,348.929773,258.929193
2025-02-28 16:18:02,Luna,Trígono,Neptuno,0.005669,349.188732,229.183063
2025-02-28 21:24:36,Luna,Oposición,Marte,0.002702,352.328219,172.330921
2025-03-01 18:24:36,Luna,Cuadratura,Sol,0.006666,5.272387,275.279053
2025-03-02 01:26:29,Luna,Trígono,Venus,0.000115,9.611302,249.611417
2025-03-02 16:33:30,Luna,Trígono,Mercurio,0.001504,18.927689,258.929193
2025-03-02 17:32:34,Luna,Oposición,Luna,0.000920,19.533261,199.532341
2025-03-03 12:00:42,Luna,Sextil,Saturno,0.006603,30.855105,330.848502
2025-03-03 19:16:38,Luna,Trígono,Sol,0.003790,35.282843,275.279053
2025-03-04 13:46:10,Luna,Conjunción,Júpiter,0.002398,46.465089,46.462691
2025-03-04 18:17:34,Luna,Oposición,Neptuno,0.004117,49.178946,229.183063
2025-03-05 03:58:21,Sol,Oposición,Urano,0.000340,344.826806,164.826466
2025-03-05 13:56:00,Luna,Cuadratura,Saturno,0.004111,60.852613,330.848502
2025-03-06 04:53:12,Luna,Oposición,Venus,0.001249,69.612666,249.611417
2025-03-06 15:34:27,Sol,Oposición,Plutón,0.000087,346.312467,166.312380
2025-03-06 21:00:42,Luna,Oposición,Mercurio,0.001043,78.930236,258.929193
2025-03-07 11:29:45,Mercurio,Cuadratura,Sol,0.000353,5.278700,275.279053
2025-03-07 17:59:17,Luna,Trígono,Saturno,0.001210,90.849712,330.848502
2025-03-08 01:53:12,Luna,Oposición,Sol,0.000673,95.279726,275.279053
2025-03-08 22:03:59,Luna,Sextil,Júpiter,0.003958,106.458733,46.462691
2025-03-09 06:21:47,Sol,Cuadratura,Mercurio,0.000265,348.929458,258.929193
2025-03-09 12:27:25,Sol,Trígono,Neptuno,0.000156,349.183219,229.183063
2025-03-09 16:41:15,Venus,Trígono,Venus,0.000065,9.611482,249.611417
2025-03-11 05:56:29,Luna,Cuadratura,Júpiter,0.002030,136.460661,46.462691
2025-03-12 09:34:27,Luna,Oposición,Saturno,0.001691,150.850193,330.848502
2025-03-12 16:06:47,Sol,Oposición,Marte,0.000380,352.330541,172.330921
2025-03-13 12:52:44,Luna,Conjunción,Urano,0.000061,164.826405,164.826466
2025-03-13 15:48:30,Luna,Conjunción,Plutón,0.000830,166.313210,166.312380
2025-03-13 16:06:47,Luna,Trígono,Júpiter,0.005014,166.467705,46.462691
2025-03-14 03:42:53,Luna,Conjunción,Marte,0.001485,172.332406,172.330921
2025-03-14 08:03:45,Saturno,Oposición,Marte,0.000005,352.330916,172.330921
2025-03-16 10:16:38,Luna,Conjunción,Luna,0.002365,199.529976,199.532341
2025-03-18 13:37:01,Luna,Sextil,Urano,0.000066,224.826532,164.826466
2025-03-18 16:37:44,Luna,Sextil,Plutón,0.000875,226.311505,166.312380
2025-03-18 16:56:00,Luna,Oposición,Júpiter,0.000912,226.461779,46.462691
2025-03-18 19:19:27,Venus,Cuadratura,Sol,0.000090,5.279143,275.279053
2025-03-18 22:26:29,Luna,Conjunción,Neptuno,0.003233,229.179830,229.183063
2025-03-19 04:48:59,Luna,Sextil,Marte,0.000705,232.330216,172.330921
2025-03-20 15:30:14,Luna,Conjunción,Venus,0.005063,249.606354,249.611417
2025-03-21 01:51:47,Luna,Cuadratura,Urano,0.003194,254.829660,164.826466
2025-03-21 04:47:34,Luna,Cuadratura,Plutón,0.001385,256.313765,166.312380
2025-03-21 09:56:57,Luna,Conjunción,Mercurio,0.004689,258.933882,258.929193
2025-03-21 11:07:15,Luna,Sextil,Luna,0.001478,259.530863,199.532341
2025-03-21 16:36:19,Luna,Cuadratura,Marte,0.001576,262.332497,172.330921
2025-03-22 17:35:23,Luna,Conjunción,Sol,0.000684,275.278369,275.279053
2025-03-23 11:35:23,Luna,Trígono,Urano,0.003826,284.822640,164.826466
2025-03-23 14:21:19,Luna,Trígono,Plutón,0.005093,286.307287,166.312380
2025-03-23 19:40:32,Luna,Sextil,Neptuno,0.005280,289.177783,229.183063
2025-03-23 19:53:12,Mercurio,Cuadratura,Sol,0.000310,5.278743,275.279053
2025-03-23 20:19:55,Luna,Cuadratura,Luna,0.000851,289.533192,199.532341
2025-03-24 01:29:17,Luna,Trígono,Marte,0.005209,292.336130,172.330921
2025-03-25 08:31:10,Luna,Sextil,Venus,0.005434,309.616851,249.611417
2025-03-25 16:43:21,Sol,Cuadratura,Sol,0.000325,5.279378,275.279053
2025-03-26 00:42:53,Luna,Sextil,Mercurio,0.000185,318.929378,258.929193
2025-03-26 01:09:36,Luna,Cuadratura,Neptuno,0.005259,319.188322,229.183063
2025-03-26 01:44:45,Luna,Trígono,Luna,0.003069,319.529272,199.532341
2025-03-26 20:56:29,Luna,Conjunción,Saturno,0.005044,330.843458,330.848502
2025-03-27 04:20:51,Luna,Sextil,Sol,0.002415,335.281468,275.279053
2025-03-27 11:31:10,Luna,Cuadratura,Venus,0.003812,339.615229,249.611417
2025-03-27 20:04:27,Luna,Oposición,Urano,0.001871,344.828337,164.826466
2025-03-27 22:29:17,Luna,Oposición,Plutón,0.004842,346.307538,166.312380
2025-03-28 02:45:14,Luna,Cuadratura,Mercurio,0.000289,348.929482,258.929193
2025-03-28 03:10:32,Luna,Trígono,Neptuno,0.006284,349.189347,229.183063
2025-03-28 08:15:42,Luna,Oposición,Marte,0.001302,352.329619,172.330921
2025-03-29 05:01:38,Luna,Cuadratura,Sol,0.005915,5.273138,275.279053
2025-03-29 11:56:29,Luna,Trígono,Venus,0.004644,9.616061,249.611417
2025-03-30 01:46:10,Sol,Trígono,Venus,0.000045,9.611462,249.611417
2025-03-30 02:42:25,Luna,Trígono,Mercurio,0.007012,18.922181,258.929193
2025-03-30 03:40:04,Luna,Oposición,Luna,0.003687,19.528654,199.532341
2025-03-30 21:35:51,Luna,Sextil,Saturno,0.007087,30.841415,330.848502
2025-03-31 04:39:08,Luna,Trígono,Sol,0.003194,35.282247,275.279053
2025-03-31 22:30:42,Luna,Conjunción,Júpiter,0.001047,46.463738,46.462691
2025-04-01 02:53:40,Luna,Oposición,Neptuno,0.006598,49.189661,229.183063
2025-04-01 21:48:30,Luna,Cuadratura,Saturno,0.003466,60.845036,330.848502
2025-04-02 12:16:10,Luna,Oposición,Venus,0.004687,69.616104,249.611417
2025-04-03 03:52:44,Luna,Oposición,Mercurio,0.001883,78.927310,258.929193
2025-04-04 00:18:16,Luna,Trígono,Saturno,0.000047,90.848455,330.848502
2025-04-04 08:01:38,Luna,Oposición,Sol,0.002737,95.276316,275.279053
2025-04-05 03:52:44,Luna,Sextil,Júpiter,0.000934,106.461757,46.462691
2025-04-07 11:31:10,Luna,Cuadratura,Júpiter,0.004377,136.458314,46.462691
2025-04-08 12:39:22,Sol,Trígono,Mercurio,0.000070,18.929263,258.929193
2025-04-08 15:18:59,Luna,Oposición,Saturno,0.002431,150.846071,330.848502
2025-04-09 03:23:12,Sol,Oposición,Luna,0.000108,19.532233,199.532341
2025-04-09 18:51:19,Luna,Conjunción,Urano,0.002694,164.823772,164.826466
2025-04-09 21:48:30,Luna,Conjunción,Plutón,0.002646,166.309734,166.312380
2025-04-09 22:06:47,Luna,Trígono,Júpiter,0.000233,166.462924,46.462691
2025-04-10 09:48:30,Luna,Conjunción,Marte,0.004164,172.326757,172.330921
2025-04-12 16:39:08,Luna,Conjunción,Luna,0.004706,199.527635,199.532341
2025-04-14 19:58:49,Luna,Sextil,Urano,0.002004,224.828470,164.826466
2025-04-14 22:58:49,Luna,Sextil,Plutón,0.002597,226.309783,166.312380
2025-04-14 23:17:06,Luna,Oposición,Júpiter,0.002425,226.460266,46.462691
2025-04-15 04:47:34,Luna,Conjunción,Neptuno,0.001185,229.181878,229.183063
2025-04-15 11:10:04,Luna,Sextil,Marte,0.004618,232.335539,172.330921
2025-04-16 21:54:08,Luna,Conjunción,Venus,0.004362,249.615779,249.611417
2025-04-17 08:17:06,Luna,Cuadratura,Urano,0.001217,254.825249,164.826466
2025-04-17 11:14:17,Luna,Cuadratura,Plutón,0.000695,256.311685,166.312380
2025-04-17 16:25:04,Luna,Conjunción,Mercurio,0.004820,258.924373,258.929193
2025-04-17 17:36:47,Luna,Sextil,Luna,0.003997,259.528344,199.532341
2025-04-17 23:08:40,Luna,Cuadratura,Marte,0.002365,262.328556,172.330921
2025-04-18 07:58:07,Júpiter,Oposición,Mercurio,0.000015,78.929178,258.929193
2025-04-19 00:28:49,Luna,Conjunción,Sol,0.005068,275.284121,275.279053
2025-04-19 18:49:55,Luna,Trígono,Urano,0.001343,284.827809,164.826466
2025-04-19 21:40:04,Luna,Trígono,Plutón,0.004220,286.316600,166.312380
2025-04-20 03:06:19,Luna,Sextil,Neptuno,0.000584,289.182479,229.183063
2025-04-20 03:45:42,Luna,Cuadratura,Luna,0.002946,289.529395,199.532341
2025-04-20 09:02:06,Luna,Trígono,Marte,0.005460,292.325461,172.330921
2025-04-20 16:47:34,Sol,Sextil,Saturno,0.000127,30.848629,330.848502
2025-04-21 16:58:49,Luna,Sextil,Venus,0.001482,309.612899,249.611417
2025-04-22 09:41:29,Luna,Sextil,Mercurio,0.005293,318.923900,258.929193
2025-04-22 10:09:36,Luna,Cuadratura,Neptuno,0.004892,319.187955,229.183063
2025-04-22 10:36:19,Mercurio,Cuadratura,Sol,0.000018,5.279035,275.279053
2025-04-22 10:46:10,Luna,Trígono,Luna,0.000874,319.531467,199.532341
2025-04-23 06:34:27,Luna,Conjunción,Saturno,0.002288,330.846214,330.848502
2025-04-23 14:11:29,Luna,Sextil,Sol,0.001811,335.277242,275.279053
2025-04-23 21:34:27,Luna,Cuadratura,Venus,0.002842,339.614259,249.611417
2025-04-24 06:21:47,Luna,Oposición,Urano,0.004819,344.831285,164.826466
2025-04-24 08:50:51,Luna,Oposición,Plutón,0.004069,346.316449,166.312380
2025-04-24 13:12:25,Luna,Cuadratura,Mercurio,0.004280,348.933473,258.929193
2025-04-24 13:37:44,Luna,Trígono,Neptuno,0.004405,349.187468,229.183063
2025-04-24 18:49:55,Luna,Oposición,Marte,0.000340,352.330581,172.330921
2025-04-25 05:49:27,Sol,Trígono,Sol,0.000315,35.278738,275.279053
2025-04-25 15:56:57,Luna,Cuadratura,Sol,0.004085,5.274968,275.279053
2025-04-25 22:56:00,Luna,Trígono,Venus,0.004648,9.616065,249.611417
2025-04-26 08:55:04,Mercurio,Trígono,Venus,0.000317,9.611100,249.611417
2025-04-26 13:47:34,Luna,Trígono,Mercurio,0.003260,18.932453,258.929193
2025-04-26 14:45:14,Luna,Oposición,Luna,0.005818,19.538159,199.532341
2025-04-27 08:36:47,Luna,Sextil,Saturno,0.002146,30.846356,330.848502
2025-04-27 15:35:51,Luna,Trígono,Sol,0.007087,35.286140,275.279053
2025-04-28 09:10:32,Luna,Conjunción,Júpiter,0.002227,46.464918,46.462691
2025-04-28 13:27:53,Luna,Oposición,Neptuno,0.004666,49.187729,229.183063
2025-04-29 07:56:00,Luna,Cuadratura,Saturno,0.006067,60.854569,330.848502
2025-04-29 21:56:57,Luna,Oposición,Venus,0.001446,69.612863,249.611417
2025-04-30 13:03:59,Luna,Oposición,Mercurio,0.001699,78.930892,258.929193
2025-05-01 08:48:02,Luna,Trígono,Saturno,0.001276,90.849778,330.848502
2025-05-01 16:16:38,Luna,Oposición,Sol,0.005867,95.284920,275.279053
2025-05-02 11:28:21,Luna,Sextil,Júpiter,0.004994,106.457697,46.462691
2025-05-03 10:24:22,Mercurio,Trígono,Mercurio,0.000034,18.929227,258.929193
2025-05-03 20:22:44,Mercurio,Oposición,Luna,0.000598,19.532939,199.532341
2025-05-04 17:49:27,Luna,Cuadratura,Júpiter,0.000102,136.462589,46.462691
2025-05-05 21:18:59,Luna,Oposición,Saturno,0.005751,150.854253,330.848502
2025-05-06 18:11:57,Sol,Conjunción,Júpiter,0.000100,46.462591,46.462691
2025-05-07 00:44:17,Luna,Conjunción,Urano,0.001416,164.827882,164.826466
2025-05-07 03:41:29,Luna,Conjunción,Plutón,0.002630,166.315010,166.312380
2025-05-07 03:59:45,Luna,Trígono,Júpiter,0.005586,166.468277,46.462691
2025-05-07 15:41:29,Luna,Conjunción,Marte,0.001310,172.329611,172.330921
2025-05-09 00:00:42,Venus,Cuadratura,Sol,0.000232,5.279285,275.279053
2025-05-09 13:41:57,Sol,Oposición,Neptuno,0.000067,49.183130,229.183063
2025-05-09 22:41:57,Luna,Conjunción,Luna,0.003338,199.535679,199.532341
2025-05-11 00:18:16,Mercurio,Sextil,Saturno,0.000055,30.848557,330.848502
2025-05-12 02:01:38,Luna,Sextil,Urano,0.002149,224.824317,164.826466
2025-05-12 05:01:38,Luna,Sextil,Plutón,0.003592,226.308788,166.312380
2025-05-12 05:19:55,Luna,Oposición,Júpiter,0.003075,226.459616,46.462691
2025-05-12 10:50:23,Luna,Conjunción,Neptuno,0.005091,229.188154,229.183063
2025-05-12 17:10:04,Luna,Sextil,Marte,0.002795,232.328126,172.330921
2025-05-13 13:24:22,Mercurio,Trígono,Sol,0.000047,35.279006,275.279053
2025-05-14 03:45:42,Luna,Conjunción,Venus,0.003123,249.608294,249.611417
2025-05-14 14:07:15,Luna,Cuadratura,Urano,0.000920,254.827386,164.826466
2025-05-14 17:03:02,Luna,Cuadratura,Plutón,0.004791,256.307589,166.312380
2025-05-14 17:35:23,Venus,Trígono,Venus,0.000121,9.611296,249.611417
2025-05-14 22:13:49,Luna,Conjunción,Mercurio,0.000158,258.929351,258.929193
2025-05-14 23:25:32,Luna,Sextil,Luna,0.002916,259.535257,199.532341
2025-05-15 04:56:00,Luna,Cuadratura,Marte,0.000666,262.331587,172.330921
2025-05-16 06:14:45,Luna,Conjunción,Sol,0.004671,275.283724,275.279053
2025-05-17 00:40:04,Luna,Trígono,Urano,0.001473,284.827939,164.826466
2025-05-17 03:30:14,Luna,Trígono,Plutón,0.005249,286.307131,166.312380
2025-05-17 09:00:42,Luna,Sextil,Neptuno,0.004974,289.188037,229.183063
2025-05-17 09:40:04,Luna,Cuadratura,Luna,0.000317,289.532024,199.532341
2025-05-17 14:59:17,Luna,Trígono,Marte,0.004243,292.326678,172.330921
2025-05-18 23:25:32,Luna,Sextil,Venus,0.005654,309.617071,249.611417
2025-05-19 12:08:26,Mercurio,Conjunción,Júpiter,0.000059,46.462632,46.462691
2025-05-19 16:30:42,Luna,Sextil,Mercurio,0.005550,318.923643,258.929193
2025-05-19 16:58:49,Luna,Cuadratura,Neptuno,0.001928,319.181135,229.183063
2025-05-19 17:36:47,Luna,Trígono,Luna,0.003400,319.528941,199.532341
2025-05-20 13:58:49,Luna,Conjunción,Saturno,0.003377,330.845125,330.848502
2025-05-20 20:48:45,Mercurio,Oposición,Neptuno,0.000039,49.183102,229.183063
2025-05-20 21:49:55,Luna,Sextil,Sol,0.005111,335.273942,275.279053
2025-05-21 05:26:57,Luna,Cuadratura,Venus,0.003643,339.607774,249.611417
2025-05-21 14:32:34,Luna,Oposición,Urano,0.004560,344.831026,164.826466
2025-05-21 16:03:59,Sol,Cuadratura,Saturno,0.000310,60.848192,330.848502
2025-05-21 17:05:51,Luna,Oposición,Plutón,0.004178,346.308202,166.312380
2025-05-21 21:37:15,Luna,Cuadratura,Mercurio,0.005228,348.934421,258.929193
2025-05-21 22:02:34,Luna,Trígono,Neptuno,0.003012,349.180051,229.183063
2025-05-22 03:26:00,Luna,Oposición,Marte,0.001761,352.329160,172.330921
2025-05-23 01:15:14,Luna,Cuadratura,Sol,0.004541,5.274512,275.279053
2025-05-23 05:38:54,Marte,Cuadratura,Júpiter,0.000031,136.462660,46.462691
2025-05-23 08:26:57,Luna,Trígono,Venus,0.000009,9.611426,249.611417
2025-05-23 23:43:49,Luna,Trígono,Mercurio,0.002578,18.926615,258.929193
2025-05-24 00:42:53,Luna,Oposición,Luna,0.001084,19.531257,199.532341
2025-05-24 18:59:45,Luna,Sextil,Saturno,0.000044,30.848458,330.848502
2025-05-25 02:05:51,Luna,Trígono,Sol,0.004609,35.283662,275.279053
2025-05-25 14:17:06,Venus,Trígono,Mercurio,0.000023,18.929216,258.929193
2025-05-25 19:53:12,Luna,Conjunción,Júpiter,0.003414,46.459277,46.462691
2025-05-26 00:11:57,Luna,Oposición,Neptuno,0.005447,49.177616,229.183063
2025-05-26 06:07:01,Venus,Oposición,Luna,0.000037,19.532304,199.532341
2025-05-26 10:26:29,Mercurio,Cuadratura,Saturno,0.000686,60.849188,330.848502
2025-05-26 18:42:53,Luna,Cuadratura,Saturno,0.006581,60.855083,330.848502
2025-05-27 08:38:12,Luna,Oposición,Venus,0.003804,69.607613,249.611417
2025-05-27 23:33:59,Luna,Oposición,Mercurio,0.003853,78.925340,258.929193
2025-05-28 18:55:32,Luna,Trígono,Saturno,0.006146,90.842356,330.848502
2025-05-29 02:14:17,Luna,Oposición,Sol,0.003073,95.282126,275.279053
2025-05-29 20:56:29,Luna,Sextil,Júpiter,0.005572,106.457119,46.462691
2025-05-30 10:39:08,Mercurio,Oposición,Venus,0.000442,69.611859,249.611417
2025-05-30 18:58:21,Sol,Oposición,Venus,0.000045,69.611372,249.611417
2025-06-01 01:46:10,Luna,Cuadratura,Júpiter,0.002103,136.460588,46.462691
2025-06-02 04:36:19,Luna,Oposición,Saturno,0.002892,150.845610,330.848502
2025-06-03 07:34:55,Luna,Conjunción,Urano,0.005346,164.831812,164.826466
2025-06-03 10:29:17,Luna,Conjunción,Plutón,0.002686,166.315066,166.312380
2025-06-03 10:46:10,Luna,Trígono,Júpiter,0.004299,166.458392,46.462691
2025-06-03 16:43:21,Mercurio,Oposición,Mercurio,0.000531,78.928662,258.929193
2025-06-03 22:20:51,Luna,Conjunción,Marte,0.002866,172.328055,172.330921
2025-06-06 05:05:51,Luna,Conjunción,Luna,0.000800,199.531541,199.532341
2025-06-07 01:11:43,Venus,Sextil,Saturno,0.000090,30.848592,330.848502
2025-06-08 08:26:57,Luna,Sextil,Urano,0.003611,224.830077,164.826466
2025-06-08 11:26:57,Luna,Sextil,Plutón,0.003272,226.315652,166.312380
2025-06-08 11:45:14,Luna,Oposición,Júpiter,0.003920,226.466611,46.462691
2025-06-08 17:14:17,Luna,Conjunción,Neptuno,0.003502,229.186565,229.183063
2025-06-08 23:33:59,Luna,Sextil,Marte,0.000806,232.331727,172.330921
2025-06-09 09:02:06,Mercurio,Trígono,Saturno,0.000803,90.847699,330.848502
2025-06-09 12:31:38,Sol,Oposición,Mercurio,0.000312,78.929505,258.929193
2025-06-10 10:01:10,Luna,Conjunción,Venus,0.003170,249.608247,249.611417
2025-06-10 20:18:30,Luna,Cuadratura,Urano,0.001449,254.825017,164.826466
2025-06-10 23:14:17,Luna,Cuadratura,Plutón,0.003296,256.315676,166.312380
2025-06-11 04:22:15,Luna,Conjunción,Mercurio,0.003851,258.933044,258.929193
2025-06-11 05:32:34,Luna,Sextil,Luna,0.000691,259.531650,199.532341
2025-06-11 10:38:26,Venus,Trígono,Sol,0.000051,35.279104,275.279053
2025-06-11 11:00:14,Luna,Cuadratura,Marte,0.004646,262.326275,172.330921
2025-06-11 14:53:40,Mercurio,Oposición,Sol,0.000528,95.278525,275.279053
2025-06-12 12:06:19,Luna,Conjunción,Sol,0.003944,275.282997,275.279053
2025-06-13 06:21:47,Luna,Trígono,Urano,0.001479,284.824987,164.826466
2025-06-13 09:11:57,Luna,Trígono,Plutón,0.003849,286.316229,166.312380
2025-06-13 14:38:12,Luna,Sextil,Neptuno,0.000647,289.182416,229.183063
2025-06-13 14:40:18,Júpiter,Trígono,Saturno,0.000072,90.848430,330.848502
2025-06-13 15:17:34,Luna,Cuadratura,Luna,0.003385,289.528956,199.532341
2025-06-13 20:35:23,Luna,Trígono,Marte,0.000037,292.330958,172.330921
2025-06-15 04:53:12,Luna,Sextil,Venus,0.000015,309.611432,249.611417
2025-06-15 22:01:52,Luna,Sextil,Mercurio,0.000037,318.929230,258.929193
2025-06-15 22:29:17,Luna,Cuadratura,Neptuno,0.003983,319.179080,229.183063
2025-06-15 23:08:40,Luna,Trígono,Luna,0.005636,319.537977,199.532341
2025-06-16 19:40:32,Luna,Conjunción,Saturno,0.001690,330.850192,330.848502
2025-06-17 03:37:15,Luna,Sextil,Sol,0.005505,335.273548,275.279053
2025-06-17 11:21:19,Luna,Cuadratura,Venus,0.006041,339.605376,249.611417
2025-06-17 18:56:57,Mercurio,Sextil,Júpiter,0.000421,106.463112,46.462691
2025-06-17 20:36:47,Luna,Oposición,Urano,0.001146,344.825320,164.826466
2025-06-17 23:14:17,Luna,Oposición,Plutón,0.000133,346.312513,166.312380
2025-06-18 03:49:55,Luna,Cuadratura,Mercurio,0.006376,348.922817,258.929193
2025-06-18 04:17:20,Luna,Trígono,Neptuno,0.000006,349.183057,229.183063
2025-06-18 09:48:30,Luna,Oposición,Marte,0.002885,352.333806,172.330921
2025-06-18 20:55:04,Marte,Oposición,Saturno,0.000028,150.848474,330.848502
2025-06-19 08:12:53,Luna,Cuadratura,Sol,0.002503,5.276550,275.279053
2025-06-19 15:37:15,Luna,Trígono,Venus,0.001879,9.609538,249.611417
2025-06-20 07:23:40,Luna,Trígono,Mercurio,0.000791,18.928402,258.929193
2025-06-20 08:24:08,Luna,Oposición,Luna,0.004401,19.527940,199.532341
2025-06-21 03:17:34,Luna,Sextil,Saturno,0.004359,30.852861,330.848502
2025-06-21 10:36:19,Luna,Trígono,Sol,0.000806,35.278247,275.279053
2025-06-22 00:02:06,Sol,Trígono,Saturno,0.000105,90.848397,330.848502
2025-06-22 03:52:44,Venus,Conjunción,Júpiter,0.000366,46.463057,46.462691
2025-06-22 04:56:00,Luna,Conjunción,Júpiter,0.006871,46.455820,46.462691
2025-06-22 09:23:12,Luna,Oposición,Neptuno,0.003933,49.186996,229.183063
2025-06-23 04:19:27,Luna,Cuadratura,Saturno,0.002721,60.845781,330.848502
2025-06-23 18:31:38,Luna,Oposición,Venus,0.000817,69.610600,249.611417
2025-06-24 09:38:40,Luna,Oposición,Mercurio,0.004884,78.924309,258.929193
2025-06-24 16:56:00,Venus,Oposición,Neptuno,0.000062,49.183001,229.183063
2025-06-25 05:07:15,Luna,Trígono,Saturno,0.003476,90.845026,330.848502
2025-06-25 12:26:00,Luna,Oposición,Sol,0.005190,95.284243,275.279053
2025-06-26 07:02:34,Luna,Sextil,Júpiter,0.003372,106.459319,46.462691
2025-06-26 15:26:43,Sol,Oposición,Sol,0.000068,95.278985,275.279053
2025-06-28 11:02:20,Luna,Cuadratura,Júpiter,0.000037,136.462728,46.462691
2025-06-29 13:18:02,Luna,Oposición,Saturno,0.000049,150.848551,330.848502
2025-06-30 15:42:53,Luna,Conjunción,Urano,0.004415,164.830881,164.826466
2025-06-30 18:34:27,Luna,Conjunción,Plutón,0.005961,166.318341,166.312380
2025-06-30 18:51:19,Luna,Trígono,Júpiter,0.001703,166.464394,46.462691
2025-07-01 06:13:21,Luna,Conjunción,Marte,0.000165,172.331086,172.330921
2025-07-03 00:47:48,Júpiter,Oposición,Sol,0.000021,95.279032,275.279053
2025-07-03 12:21:47,Luna,Conjunción,Luna,0.005575,199.537916,199.532341
2025-07-05 09:58:21,Venus,Cuadratura,Saturno,0.000337,60.848165,330.848502
2025-07-05 15:35:51,Luna,Sextil,Urano,0.000373,224.826839,164.826466
2025-07-05 18:35:51,Luna,Sextil,Plutón,0.000968,226.311412,166.312380
2025-07-05 18:54:08,Luna,Oposición,Júpiter,0.000430,226.462261,46.462691
2025-07-06 00:23:12,Luna,Conjunción,Neptuno,0.003029,229.180034,229.183063
2025-07-06 06:44:17,Luna,Sextil,Marte,0.003214,232.334135,172.330921
2025-07-07 17:11:29,Luna,Conjunción,Venus,0.000765,249.610652,249.611417
2025-07-08 03:27:25,Luna,Cuadratura,Urano,0.000115,254.826351,164.826466
2025-07-08 06:21:47,Luna,Cuadratura,Plutón,0.002939,256.309441,166.312380
2025-07-08 08:55:04,Sol,Sextil,Júpiter,0.000357,106.463048,46.462691
2025-07-08 11:28:21,Luna,Conjunción,Mercurio,0.005175,258.924018,258.929193
2025-07-08 12:40:04,Luna,Sextil,Luna,0.004692,259.537033,199.532341
2025-07-08 18:06:19,Luna,Cuadratura,Marte,0.001291,262.332212,172.330921
2025-07-09 19:01:10,Luna,Conjunción,Sol,0.002644,275.281697,275.279053
2025-07-10 13:05:23,Luna,Trígono,Urano,0.002503,284.823963,164.826466
2025-07-10 15:52:44,Luna,Trígono,Plutón,0.004353,286.308027,166.312380
2025-07-10 21:16:10,Luna,Sextil,Neptuno,0.001786,289.184849,229.183063
2025-07-10 21:55:32,Luna,Cuadratura,Luna,0.003488,289.535829,199.532341
2025-07-11 03:09:08,Luna,Trígono,Marte,0.006047,292.336968,172.330921
2025-07-12 10:58:49,Luna,Sextil,Venus,0.000862,309.612279,249.611417
2025-07-13 00:49:55,Marte,Conjunción,Urano,0.000029,164.826495,164.826466
2025-07-13 03:52:44,Luna,Sextil,Mercurio,0.001000,318.928193,258.929193
2025-07-13 04:20:51,Luna,Cuadratura,Neptuno,0.004897,319.187960,229.183063
2025-07-13 04:58:07,Luna,Trígono,Luna,0.000080,319.532261,199.532341
2025-07-13 06:52:44,Venus,Oposición,Venus,0.000029,69.611446,249.611417
2025-07-14 01:15:14,Luna,Conjunción,Saturno,0.003646,330.844856,330.848502
2025-07-14 09:09:08,Luna,Sextil,Sol,0.005157,335.284210,275.279053
2025-07-14 16:48:59,Luna,Cuadratura,Venus,0.001570,339.609847,249.611417
2025-07-15 02:01:38,Luna,Oposición,Urano,0.005218,344.831684,164.826466
2025-07-15 04:37:44,Luna,Oposición,Plutón,0.001294,346.311086,166.312380
2025-07-15 09:13:21,Luna,Cuadratura,Mercurio,0.000986,348.928207,258.929193
2025-07-15 09:40:04,Luna,Trígono,Neptuno,0.000827,349.182236,229.183063
2025-07-15 12:45:00,Marte,Conjunción,Plutón,0.000081,166.312461,166.312380
2025-07-15 15:10:32,Luna,Oposición,Marte,0.001978,352.328943,172.330921
2025-07-15 18:47:06,Marte,Trígono,Júpiter,0.000149,166.462542,46.462691
2025-07-16 13:40:32,Luna,Cuadratura,Sol,0.004319,5.274734,275.279053
2025-07-16 21:09:08,Luna,Trígono,Venus,0.002780,9.608637,249.611417
2025-07-17 13:08:12,Luna,Trígono,Mercurio,0.002186,18.927007,258.929193
2025-07-17 14:10:04,Luna,Oposición,Luna,0.001719,19.530622,199.532341
2025-07-18 09:24:36,Luna,Sextil,Saturno,0.003075,30.845427,330.848502
2025-07-18 16:54:36,Luna,Trígono,Sol,0.001950,35.281003,275.279053
2025-07-19 11:43:49,Luna,Conjunción,Júpiter,0.004185,46.466876,46.462691
2025-07-19 16:16:38,Luna,Oposición,Neptuno,0.003369,49.179694,229.183063
2025-07-20 11:46:38,Luna,Cuadratura,Saturno,0.000647,60.847855,330.848502
2025-07-21 02:22:44,Luna,Oposición,Venus,0.005188,69.606229,249.611417
2025-07-21 12:33:02,Venus,Oposición,Mercurio,0.000448,78.929641,258.929193
2025-07-21 17:55:04,Luna,Oposición,Mercurio,0.003194,78.925999,258.929193
2025-07-22 13:51:47,Luna,Trígono,Saturno,0.001599,90.850101,330.848502
2025-07-22 21:18:59,Luna,Oposición,Sol,0.006024,95.285077,275.279053
2025-07-23 16:13:49,Luna,Sextil,Júpiter,0.000681,106.463372,46.462691
2025-07-25 12:24:36,Marte,Conjunción,Marte,0.000188,172.331109,172.330921
2025-07-25 20:25:32,Luna,Cuadratura,Júpiter,0.000780,136.463471,46.462691
2025-07-26 22:29:17,Luna,Oposición,Saturno,0.002972,150.851474,330.848502
2025-07-28 00:33:02,Luna,Conjunción,Urano,0.005578,164.820888,164.826466
2025-07-28 03:23:12,Luna,Conjunción,Plutón,0.004372,166.316752,166.312380
2025-07-28 03:40:04,Luna,Trígono,Júpiter,0.002163,166.464854,46.462691
2025-07-28 14:52:15,Luna,Conjunción,Marte,0.002036,172.328885,172.330921
2025-07-29 13:41:15,Urano,Cuadratura,Saturno,0.000040,60.848542,330.848502
2025-07-30 20:21:19,Luna,Conjunción,Luna,0.000603,199.531738,199.532341
2025-07-31 21:33:02,Venus,Trígono,Saturno,0.000290,90.848212,330.848502
2025-08-01 23:24:50,Luna,Sextil,Urano,0.000096,224.826562,164.826466
2025-08-02 02:25:32,Luna,Sextil,Plutón,0.002869,226.315249,166.312380
2025-08-02 02:43:49,Luna,Oposición,Júpiter,0.003199,226.465890,46.462691
2025-08-02 08:12:53,Luna,Conjunción,Neptuno,0.004296,229.178767,229.183063
2025-08-02 14:35:23,Luna,Sextil,Marte,0.005364,232.336285,172.330921
2025-08-04 01:11:00,Luna,Conjunción,Venus,0.003919,249.607498,249.611417
2025-08-04 11:29:45,Luna,Cuadratura,Urano,0.005453,254.821013,164.826466
2025-08-04 14:25:32,Luna,Cuadratura,Plutón,0.003394,256.308986,166.312380
2025-08-04 17:11:29,Venus,Oposición,Sol,0.000148,95.278905,275.279053
2025-08-04 19:33:30,Luna,Conjunción,Mercurio,0.005446,258.923747,258.929193
2025-08-04 20:45:14,Luna,Sextil,Luna,0.001799,259.534140,199.532341
2025-08-05 02:12:53,Luna,Cuadratura,Marte,0.000772,262.330149,172.330921
2025-08-06 03:10:32,Luna,Conjunción,Sol,0.002735,275.276318,275.279053
2025-08-06 21:13:21,Luna,Trígono,Urano,0.005013,284.821453,164.826466
2025-08-07 00:00:42,Luna,Trígono,Plutón,0.001187,286.311193,166.312380
2025-08-07 05:22:44,Luna,Sextil,Neptuno,0.006087,289.189150,229.183063
2025-08-07 06:00:42,Luna,Cuadratura,Luna,0.002899,289.529442,199.532341
2025-08-07 11:12:53,Luna,Trígono,Marte,0.004236,292.335157,172.330921
2025-08-08 18:30:14,Sol,Cuadratura,Júpiter,0.000270,136.462961,46.462691
2025-08-08 18:42:53,Luna,Sextil,Venus,0.001904,309.613321,249.611417
2025-08-09 11:21:19,Luna,Sextil,Mercurio,0.005316,318.934509,258.929193
2025-08-09 11:48:02,Luna,Cuadratura,Neptuno,0.002604,319.185667,229.183063
2025-08-09 12:24:36,Luna,Trígono,Luna,0.002844,319.529497,199.532341
2025-08-10 08:19:13,Luna,Conjunción,Saturno,0.000005,330.848507,330.848502
2025-08-10 16:02:34,Luna,Sextil,Sol,0.001107,335.280160,275.279053
2025-08-10 23:33:59,Luna,Cuadratura,Venus,0.006032,339.617449,249.611417
2025-08-11 08:33:59,Luna,Oposición,Urano,0.003280,344.829746,164.826466
2025-08-11 11:07:15,Luna,Oposición,Plutón,0.001280,346.313660,166.312380
2025-08-11 15:37:15,Luna,Cuadratura,Mercurio,0.002741,348.931934,258.929193
2025-08-11 16:02:34,Luna,Trígono,Neptuno,0.005387,349.177676,229.183063
2025-08-11 21:27:25,Luna,Oposición,Marte,0.004493,352.335414,172.330921
2025-08-12 19:32:06,Luna,Cuadratura,Sol,0.001078,5.280131,275.279053
2025-08-13 02:53:40,Luna,Trígono,Venus,0.003402,9.614819,249.611417
2025-08-13 18:40:04,Luna,Trígono,Mercurio,0.000372,18.929565,258.929193
2025-08-13 19:40:32,Luna,Oposición,Luna,0.006725,19.525616,199.532341
2025-08-14 06:28:49,Venus,Sextil,Júpiter,0.000277,106.462968,46.462691
2025-08-14 14:48:02,Luna,Sextil,Saturno,0.001849,30.850351,330.848502
2025-08-14 22:16:38,Luna,Trígono,Sol,0.002901,35.281954,275.279053
2025-08-15 17:08:40,Luna,Conjunción,Júpiter,0.003113,46.465804,46.462691
2025-08-15 21:44:17,Luna,Oposición,Neptuno,0.004430,49.187493,229.183063
2025-08-16 17:26:57,Luna,Cuadratura,Saturno,0.002295,60.850797,330.848502
2025-08-17 08:17:06,Luna,Oposición,Venus,0.006763,69.604654,249.611417
2025-08-18 00:09:08,Luna,Oposición,Mercurio,0.003122,78.932315,258.929193
2025-08-18 20:32:34,Luna,Trígono,Saturno,0.000145,90.848647,330.848502
2025-08-19 04:09:36,Luna,Oposición,Sol,0.003815,95.275238,275.279053
2025-08-19 23:32:34,Luna,Sextil,Júpiter,0.003060,106.465751,46.462691
2025-08-22 04:41:15,Luna,Cuadratura,Júpiter,0.000023,136.462714,46.462691
2025-08-23 06:58:21,Luna,Oposición,Saturno,0.002268,150.850770,330.848502
2025-08-23 17:41:00,Sol,Oposición,Saturno,0.000086,150.848416,330.848502
2025-08-24 09:04:55,Luna,Conjunción,Urano,0.005144,164.821322,164.826466
2025-08-24 09:08:26,Júpiter,Sextil,Júpiter,0.000045,106.462646,46.462691
2025-08-24 11:53:40,Luna,Conjunción,Plutón,0.005200,166.307180,166.312380
2025-08-24 12:11:57,Luna,Trígono,Júpiter,0.005239,166.467930,46.462691
2025-08-24 23:22:01,Luna,Conjunción,Marte,0.000051,172.330870,172.330921
2025-08-25 22:22:58,Mercurio,Cuadratura,Júpiter,0.000059,136.462750,46.462691
2025-08-27 04:30:42,Luna,Conjunción,Luna,0.001293,199.531048,199.532341
2025-08-29 07:22:15,Luna,Sextil,Urano,0.004499,224.821967,164.826466
2025-08-29 10:23:40,Luna,Sextil,Plutón,0.003217,226.315597,166.312380
2025-08-29 10:41:57,Luna,Oposición,Júpiter,0.003414,226.466105,46.462691
2025-08-29 16:12:25,Luna,Conjunción,Neptuno,0.003574,229.186637,229.183063
2025-08-29 22:34:55,Luna,Sextil,Marte,0.005022,232.335943,172.330921
2025-08-31 09:24:36,Luna,Conjunción,Venus,0.000867,249.612284,249.611417
2025-08-31 19:50:23,Luna,Cuadratura,Urano,0.005690,254.832156,164.826466
2025-08-31 22:47:34,Luna,Cuadratura,Plutón,0.003413,256.315793,166.312380
2025-09-01 03:58:21,Luna,Conjunción,Mercurio,0.004414,258.924779,258.929193
2025-09-01 05:10:04,Luna,Sextil,Luna,0.004207,259.528134,199.532341
2025-09-01 10:41:57,Luna,Cuadratura,Marte,0.004141,262.326780,172.330921
2025-09-02 11:59:17,Luna,Conjunción,Sol,0.003494,275.282547,275.279053
2025-09-03 00:01:24,Mercurio,Oposición,Saturno,0.000083,150.848419,330.848502
2025-09-03 06:14:45,Luna,Trígono,Urano,0.003194,284.829660,164.826466
2025-09-03 09:03:30,Luna,Trígono,Plutón,0.004238,286.316618,166.312380
2025-09-03 14:26:57,Luna,Sextil,Neptuno,0.003625,289.179438,229.183063
2025-09-03 15:06:19,Luna,Cuadratura,Luna,0.003218,289.529123,199.532341
2025-09-03 20:21:19,Luna,Trígono,Marte,0.004970,292.335891,172.330921
2025-09-05 03:59:45,Luna,Sextil,Venus,0.004634,309.616051,249.611417
2025-09-05 20:35:23,Luna,Sextil,Mercurio,0.006002,318.935195,258.929193
2025-09-05 21:02:06,Luna,Cuadratura,Neptuno,0.004643,319.187706,229.183063
2025-09-05 21:38:40,Luna,Trígono,Luna,0.001110,319.533451,199.532341
2025-09-06 13:11:00,Marte,Conjunción,Luna,0.000120,199.532221,199.532341
2025-09-06 17:22:44,Luna,Conjunción,Saturno,0.005356,330.853858,330.848502
2025-09-07 00:59:45,Luna,Sextil,Sol,0.005734,335.284787,275.279053
2025-09-07 04:34:13,Sol,Conjunción,Urano,0.000075,164.826391,164.826466
2025-09-07 08:22:44,Luna,Cuadratura,Venus,0.001704,339.609713,249.611417
2025-09-07 17:12:53,Luna,Oposición,Urano,0.003900,344.822566,164.826466
2025-09-07 19:43:21,Luna,Oposición,Plutón,0.003474,346.308906,166.312380
2025-09-08 00:07:44,Luna,Cuadratura,Mercurio,0.001897,348.927296,258.929193
2025-09-08 00:33:02,Luna,Trígono,Neptuno,0.004625,349.178438,229.183063
2025-09-08 05:50:09,Luna,Oposición,Marte,0.000064,352.330985,172.330921
2025-09-08 09:20:23,Venus,Cuadratura,Júpiter,0.000212,136.462479,46.462691
2025-09-08 17:19:55,Sol,Conjunción,Plutón,0.000340,166.312720,166.312380
2025-09-08 21:02:06,Sol,Trígono,Júpiter,0.000184,166.462507,46.462691
2025-09-09 03:21:47,Luna,Cuadratura,Sol,0.003574,5.275479,275.279053
2025-09-09 10:32:06,Luna,Trígono,Venus,0.005593,9.617010,249.611417
2025-09-10 01:51:47,Luna,Trígono,Mercurio,0.002633,18.926560,258.929193
2025-09-10 02:50:51,Luna,Oposición,Luna,0.006954,19.525387,199.532341
2025-09-10 05:43:07,Mercurio,Conjunción,Urano,0.000096,164.826562,164.826466
2025-09-10 21:27:25,Luna,Sextil,Saturno,0.004168,30.852670,330.848502
2025-09-11 00:23:54,Mercurio,Conjunción,Plutón,0.000072,166.312452,166.312380
2025-09-11 02:17:06,Mercurio,Trígono,Júpiter,0.000570,166.462121,46.462691
2025-09-11 04:43:21,Luna,Trígono,Sol,0.006380,35.272673,275.279053
2025-09-11 23:10:04,Luna,Conjunción,Júpiter,0.001760,46.464451,46.462691
2025-09-12 03:40:04,Luna,Oposición,Neptuno,0.002286,49.185349,229.183063
2025-09-12 23:03:02,Luna,Cuadratura,Saturno,0.003183,60.845319,330.848502
2025-09-13 13:44:45,Luna,Oposición,Venus,0.004454,69.606963,249.611417
2025-09-14 05:08:40,Mercurio,Conjunción,Marte,0.000057,172.330864,172.330921
2025-09-14 05:31:10,Luna,Oposición,Mercurio,0.006673,78.922520,258.929193
2025-09-14 21:51:19,Sol,Conjunción,Marte,0.000026,172.330947,172.330921
2025-09-15 01:58:49,Luna,Trígono,Saturno,0.006615,90.855117,330.848502
2025-09-15 09:38:40,Luna,Oposición,Sol,0.000562,95.278491,275.279053
2025-09-16 05:12:53,Luna,Sextil,Júpiter,0.006094,106.456597,46.462691
2025-09-18 11:15:42,Luna,Cuadratura,Júpiter,0.000271,136.462420,46.462691
2025-09-19 13:58:49,Luna,Oposición,Saturno,0.002528,150.851030,330.848502
2025-09-20 05:19:55,Venus,Oposición,Saturno,0.000458,150.848960,330.848502
2025-09-20 16:25:04,Luna,Conjunción,Urano,0.004929,164.821537,164.826466
2025-09-20 19:16:38,Luna,Conjunción,Plutón,0.005080,166.317460,166.312380
2025-09-20 19:33:30,Luna,Trígono,Júpiter,0.001755,166.464446,46.462691
2025-09-21 06:49:55,Luna,Conjunción,Marte,0.002873,172.333794,172.330921
2025-09-23 12:06:19,Luna,Conjunción,Luna,0.000097,199.532438,199.532341
2025-09-25 14:52:15,Luna,Sextil,Urano,0.004413,224.822053,164.826466
2025-09-25 17:53:40,Luna,Sextil,Plutón,0.004135,226.316515,166.312380
2025-09-25 18:11:57,Luna,Oposición,Júpiter,0.004387,226.467078,46.462691
2025-09-25 23:42:25,Luna,Conjunción,Neptuno,0.004569,229.187632,229.183063
2025-09-26 06:04:55,Luna,Sextil,Marte,0.003478,232.334399,172.330921
2025-09-27 17:04:27,Luna,Conjunción,Venus,0.002637,249.614054,249.611417
2025-09-28 03:35:51,Luna,Cuadratura,Urano,0.005627,254.832093,164.826466
2025-09-28 06:34:27,Luna,Cuadratura,Plutón,0.000966,256.311414,166.312380
2025-09-28 11:49:27,Luna,Conjunción,Mercurio,0.004232,258.924961,258.929193
2025-09-28 13:02:34,Luna,Sextil,Luna,0.000196,259.532537,199.532341
2025-09-28 18:38:40,Luna,Cuadratura,Marte,0.001296,262.329625,172.330921
2025-09-29 20:19:55,Luna,Conjunción,Sol,0.002643,275.276410,275.279053
2025-09-29 23:05:51,Mercurio,Conjunción,Luna,0.000467,199.531874,199.532341
2025-09-30 14:57:53,Luna,Trígono,Urano,0.002167,284.828633,164.826466
2025-09-30 17:49:27,Luna,Trígono,Plutón,0.003240,286.309140,166.312380
2025-09-30 23:21:19,Luna,Sextil,Neptuno,0.002172,289.185235,229.183063
2025-10-01 00:00:42,Luna,Cuadratura,Luna,0.004779,289.527562,199.532341
2025-10-01 05:22:44,Luna,Trígono,Marte,0.005434,292.336355,172.330921
2025-10-01 14:44:31,Venus,Conjunción,Urano,0.000006,164.826460,164.826466
2025-10-02 13:40:32,Luna,Sextil,Venus,0.003440,309.614857,249.611417
2025-10-02 19:41:15,Venus,Conjunción,Plutón,0.000046,166.312426,166.312380
2025-10-02 22:36:19,Venus,Trígono,Júpiter,0.000404,166.462287,46.462691
2025-10-03 06:33:02,Luna,Sextil,Mercurio,0.000719,318.929912,258.929193
2025-10-03 06:59:45,Luna,Cuadratura,Neptuno,0.004469,319.178594,229.183063
2025-10-03 07:37:44,Luna,Trígono,Luna,0.000100,319.532241,199.532341
2025-10-04 03:35:51,Luna,Conjunción,Saturno,0.000570,330.849072,330.848502
2025-10-04 11:15:42,Luna,Sextil,Sol,0.005152,335.273901,275.279053
2025-10-04 18:41:29,Luna,Cuadratura,Venus,0.005314,339.606103,249.611417
2025-10-05 03:33:02,Luna,Oposición,Urano,0.000752,344.825714,164.826466
2025-10-05 06:03:30,Luna,Oposición,Plutón,0.001204,346.313584,166.312380
2025-10-05 10:26:29,Luna,Cuadratura,Mercurio,0.004633,348.924560,258.929193
2025-10-05 10:51:47,Luna,Trígono,Neptuno,0.006472,349.176591,229.183063
2025-10-05 16:08:12,Luna,Oposición,Marte,0.006273,352.337194,172.330921
2025-10-06 13:26:29,Luna,Cuadratura,Sol,0.004933,5.283986,275.279053
2025-10-06 20:28:21,Luna,Trígono,Venus,0.000272,9.611689,249.611417
2025-10-07 11:29:45,Luna,Trígono,Mercurio,0.000256,18.929449,258.929193
2025-10-07 12:27:25,Luna,Oposición,Luna,0.004187,19.528154,199.532341
2025-10-07 16:41:57,Venus,Conjunción,Marte,0.000351,172.330570,172.330921
2025-10-08 06:33:02,Luna,Sextil,Saturno,0.006675,30.841827,330.848502
2025-10-08 13:37:44,Luna,Trígono,Sol,0.000962,35.280015,275.279053
2025-10-09 07:27:53,Luna,Conjunción,Júpiter,0.003824,46.458867,46.462691
2025-10-09 11:49:27,Luna,Oposición,Neptuno,0.001838,49.184901,229.183063
2025-10-10 06:34:27,Luna,Cuadratura,Saturno,0.002647,60.851149,330.848502
2025-10-10 20:48:02,Luna,Oposición,Venus,0.001290,69.612707,249.611417
2025-10-11 12:06:19,Luna,Oposición,Mercurio,0.005632,78.923561,258.929193
2025-10-12 08:03:02,Luna,Trígono,Saturno,0.000571,90.847931,330.848502
2025-10-12 14:46:38,Sol,Conjunción,Luna,0.000276,199.532065,199.532341
2025-10-12 15:34:27,Luna,Oposición,Sol,0.000048,95.279101,275.279053
2025-10-13 10:51:47,Luna,Sextil,Júpiter,0.004270,106.466961,46.462691
2025-10-14 00:50:37,Marte,Sextil,Urano,0.000023,224.826443,164.826466
2025-10-15 08:37:30,Urano,Cuadratura,Saturno,0.000029,60.848531,330.848502
2025-10-15 16:46:10,Luna,Cuadratura,Júpiter,0.002662,136.465353,46.462691
2025-10-16 04:06:47,Marte,Sextil,Plutón,0.000208,226.312172,166.312380
2025-10-16 09:17:34,Marte,Oposición,Júpiter,0.000150,226.462541,46.462691
2025-10-16 19:41:57,Luna,Oposición,Saturno,0.000567,150.847935,330.848502
2025-10-17 00:14:45,Mercurio,Sextil,Urano,0.000453,224.826013,164.826466
2025-10-17 22:26:29,Luna,Conjunción,Urano,0.004708,164.821758,164.826466
2025-10-18 01:19:27,Luna,Conjunción,Plutón,0.000193,166.312573,166.312380
2025-10-18 01:36:19,Luna,Trígono,Júpiter,0.004821,166.457870,46.462691
2025-10-18 02:38:54,Mercurio,Sextil,Plutón,0.000097,226.312477,166.312380
2025-10-18 05:19:55,Mercurio,Oposición,Júpiter,0.000308,226.462383,46.462691
2025-10-18 13:01:10,Luna,Conjunción,Marte,0.002451,172.333372,172.330921
2025-10-20 06:42:53,Marte,Conjunción,Neptuno,0.000012,229.183075,229.183063
2025-10-20 06:47:06,Mercurio,Conjunción,Neptuno,0.000202,229.183265,229.183063
2025-10-20 18:44:17,Luna,Conjunción,Luna,0.001913,199.534254,199.532341
2025-10-22 18:05:37,Mercurio,Sextil,Marte,0.000073,232.330848,172.330921
2025-10-22 21:35:51,Luna,Sextil,Urano,0.002323,224.828789,164.826466
2025-10-23 00:35:51,Luna,Sextil,Plutón,0.000104,226.312484,166.312380
2025-10-23 00:54:08,Luna,Oposición,Júpiter,0.000447,226.463138,46.462691
2025-10-23 06:24:36,Luna,Conjunción,Neptuno,0.002432,229.185495,229.183063
2025-10-23 12:47:06,Luna,Sextil,Marte,0.003535,232.334456,172.330921
2025-10-24 18:07:44,Marte,Sextil,Marte,0.000148,232.330773,172.330921
2025-10-24 23:46:38,Luna,Conjunción,Venus,0.004200,249.607217,249.611417
2025-10-25 10:20:09,Luna,Cuadratura,Urano,0.000017,254.826483,164.826466
2025-10-25 13:20:51,Luna,Cuadratura,Plutón,0.004482,256.316862,166.312380
2025-10-25 18:37:15,Luna,Conjunción,Mercurio,0.000486,258.928707,258.929193
2025-10-25 19:50:23,Luna,Sextil,Luna,0.000442,259.532783,199.532341
2025-10-26 01:29:17,Luna,Cuadratura,Marte,0.004020,262.334941,172.330921
2025-10-27 03:26:00,Luna,Conjunción,Sol,0.001866,275.277187,275.279053
2025-10-27 22:22:15,Luna,Trígono,Urano,0.002587,284.829053,164.826466
2025-10-28 01:18:02,Luna,Trígono,Plutón,0.004773,286.317153,166.312380
2025-10-28 06:55:32,Luna,Sextil,Neptuno,0.000187,289.183250,229.183063
2025-10-28 07:36:19,Luna,Cuadratura,Luna,0.001940,289.530401,199.532341
2025-10-28 13:03:59,Luna,Trígono,Marte,0.004476,292.326445,172.330921
2025-10-29 13:45:28,Venus,Conjunción,Luna,0.000052,199.532289,199.532341
2025-10-29 22:13:49,Luna,Sextil,Venus,0.003165,309.614582,249.611417
2025-10-30 15:35:51,Luna,Sextil,Mercurio,0.005730,318.923463,258.929193
2025-10-30 16:03:59,Luna,Cuadratura,Neptuno,0.005541,319.177522,229.183063
2025-10-30 16:43:21,Luna,Trígono,Luna,0.001124,319.533465,199.532341
2025-10-31 13:16:38,Luna,Conjunción,Saturno,0.006384,330.842118,330.848502
2025-10-31 21:10:32,Luna,Sextil,Sol,0.004605,335.274448,275.279053
2025-11-01 04:48:59,Luna,Cuadratura,Venus,0.001117,339.610300,249.611417
2025-11-01 13:53:12,Luna,Oposición,Urano,0.006106,344.820360,164.826466
2025-11-01 16:27:53,Luna,Oposición,Plutón,0.001475,346.313855,166.312380
2025-11-01 20:57:53,Luna,Cuadratura,Mercurio,0.004911,348.934104,258.929193
2025-11-01 21:23:12,Luna,Trígono,Neptuno,0.002436,349.180627,229.183063
2025-11-02 02:45:14,Luna,Oposición,Marte,0.000889,352.330032,172.330921
2025-11-03 00:24:36,Luna,Cuadratura,Sol,0.000644,5.279697,275.279053
2025-11-03 07:30:42,Luna,Trígono,Venus,0.004330,9.607087,249.611417
2025-11-03 22:36:19,Luna,Trígono,Mercurio,0.004746,18.924447,258.929193
2025-11-03 23:35:23,Luna,Oposición,Luna,0.004977,19.537318,199.532341
2025-11-04 17:36:47,Luna,Sextil,Saturno,0.005342,30.853844,330.848502
2025-11-05 00:35:51,Luna,Trígono,Sol,0.000474,35.279527,275.279053
2025-11-05 18:09:08,Luna,Conjunción,Júpiter,0.002518,46.465209,46.462691
2025-11-05 22:24:22,Luna,Oposición,Neptuno,0.000085,49.183148,229.183063
2025-11-06 16:40:32,Luna,Cuadratura,Saturno,0.001877,60.850379,330.848502
2025-11-06 23:55:04,Sol,Sextil,Urano,0.000130,224.826596,164.826466
2025-11-07 06:27:25,Luna,Oposición,Venus,0.003306,69.608111,249.611417
2025-11-07 21:14:45,Luna,Oposición,Mercurio,0.007138,78.922055,258.929193
2025-11-08 11:27:39,Sol,Sextil,Plutón,0.000081,226.312461,166.312380
2025-11-08 15:03:30,Sol,Oposición,Júpiter,0.000236,226.462927,46.462691
2025-11-08 16:29:17,Luna,Trígono,Saturno,0.004151,90.852653,330.848502
2025-11-08 23:43:49,Luna,Oposición,Sol,0.002620,95.276433,275.279053
2025-11-09 18:21:47,Luna,Sextil,Júpiter,0.006421,106.469112,46.462691
2025-11-11 08:03:02,Sol,Conjunción,Neptuno,0.000163,229.183226,229.183063
2025-11-11 22:51:47,Luna,Cuadratura,Júpiter,0.001467,136.461224,46.462691
2025-11-13 01:27:53,Luna,Oposición,Saturno,0.004419,150.852921,330.848502
2025-11-14 04:05:23,Luna,Conjunción,Urano,0.000070,164.826536,164.826466
2025-11-14 06:58:21,Luna,Conjunción,Plutón,0.005610,166.317990,166.312380
2025-11-14 07:15:14,Luna,Trígono,Júpiter,0.000606,166.463297,46.462691
2025-11-14 11:08:40,Sol,Sextil,Marte,0.000319,232.331240,172.330921
2025-11-14 18:40:04,Luna,Conjunción,Marte,0.000999,172.331920,172.330921
2025-11-17 00:40:04,Luna,Conjunción,Luna,0.004555,199.536896,199.532341
2025-11-17 20:07:15,Marte,Conjunción,Venus,0.000096,249.611513,249.611417
2025-11-18 18:25:18,Venus,Sextil,Urano,0.000011,224.826455,164.826466
2025-11-19 03:42:53,Luna,Sextil,Urano,0.002019,224.824447,164.826466
2025-11-19 06:44:17,Luna,Sextil,Plutón,0.005587,226.317967,166.312380
2025-11-19 07:01:52,Luna,Oposición,Júpiter,0.000009,226.462682,46.462691
2025-11-19 12:31:38,Luna,Conjunción,Neptuno,0.005638,229.177425,229.183063
2025-11-19 18:54:08,Luna,Sextil,Marte,0.004621,232.326300,172.330921
2025-11-19 22:48:59,Venus,Sextil,Plutón,0.000228,226.312152,166.312380
2025-11-20 01:41:57,Venus,Oposición,Júpiter,0.000316,226.463007,46.462691
2025-11-21 05:51:33,Luna,Conjunción,Venus,0.000094,249.611323,249.611417
2025-11-21 16:22:15,Luna,Cuadratura,Urano,0.005070,254.821396,164.826466
2025-11-21 19:22:15,Luna,Cuadratura,Plutón,0.002490,256.309890,166.312380
2025-11-22 00:38:40,Luna,Conjunción,Mercurio,0.000899,258.928294,258.929193
2025-11-22 01:51:47,Luna,Sextil,Luna,0.001463,259.533804,199.532341
2025-11-22 05:39:36,Venus,Conjunción,Neptuno,0.000505,229.182558,229.183063
2025-11-22 07:29:17,Luna,Cuadratura,Marte,0.000520,262.330401,172.330921
2025-11-23 09:26:00,Luna,Conjunción,Sol,0.000816,275.279869,275.279053
2025-11-24 04:25:04,Luna,Trígono,Urano,0.002162,284.824304,164.826466
2025-11-24 07:22:15,Luna,Trígono,Plutón,0.003300,286.315680,166.312380
2025-11-24 13:02:34,Luna,Sextil,Neptuno,0.002776,289.185839,229.183063
2025-11-24 13:43:21,Luna,Cuadratura,Luna,0.002025,289.530316,199.532341
2025-11-24 17:48:02,Venus,Sextil,Marte,0.000254,232.331175,172.330921
2025-11-24 19:13:49,Luna,Trígono,Marte,0.004710,292.326211,172.330921
2025-11-24 22:53:12,Marte,Cuadratura,Urano,0.000239,254.826705,164.826466
2025-11-25 14:01:38,Mercurio,Sextil,Marte,0.000112,232.331033,172.330921
2025-11-26 04:52:30,Luna,Sextil,Venus,0.000008,309.611409,249.611417
2025-11-26 22:39:08,Luna,Sextil,Mercurio,0.003061,318.926132,258.929193
2025-11-26 23:08:40,Luna,Cuadratura,Neptuno,0.003113,319.186176,229.183063
2025-11-26 23:15:42,Marte,Cuadratura,Plutón,0.000206,256.312586,166.312380
2025-11-26 23:48:02,Luna,Trígono,Luna,0.000754,319.533095,199.532341
2025-11-27 20:57:53,Luna,Conjunción,Saturno,0.000640,330.847862,330.848502
2025-11-28 05:07:15,Luna,Sextil,Sol,0.000880,335.279933,275.279053
2025-11-28 13:01:10,Luna,Cuadratura,Venus,0.002263,339.613680,249.611417
2025-11-28 22:25:04,Luna,Oposición,Urano,0.000653,344.827119,164.826466
2025-11-29 01:03:59,Luna,Oposición,Plutón,0.004572,346.307808,166.312380
2025-11-29 05:43:49,Luna,Cuadratura,Mercurio,0.001072,348.928121,258.929193
2025-11-29 06:10:32,Luna,Trígono,Neptuno,0.003901,349.179162,229.183063
2025-11-29 11:45:14,Luna,Oposición,Marte,0.005738,352.336659,172.330921
2025-11-30 10:11:00,Luna,Cuadratura,Sol,0.002380,5.281433,275.279053
2025-11-30 12:10:32,Marte,Conjunción,Mercurio,0.000195,258.929388,258.929193
2025-11-30 17:32:34,Luna,Trígono,Venus,0.005956,9.617373,249.611417
2025-12-01 07:41:57,Marte,Sextil,Luna,0.000239,259.532580,199.532341
2025-12-01 09:06:19,Luna,Trígono,Mercurio,0.000849,18.930042,258.929193
2025-12-01 10:05:23,Luna,Oposición,Luna,0.006815,19.525526,199.532341
2025-12-01 13:32:06,Sol,Conjunción,Venus,0.000288,249.611129,249.611417
2025-12-02 04:34:55,Luna,Sextil,Saturno,0.002484,30.846018,330.848502
2025-12-02 11:43:49,Luna,Trígono,Sol,0.006416,35.285469,275.279053
2025-12-03 05:31:10,Luna,Conjunción,Júpiter,0.002014,46.460677,46.462691
2025-12-03 09:48:30,Luna,Oposición,Neptuno,0.005453,49.177610,229.183063
2025-12-04 04:08:12,Luna,Cuadratura,Saturno,0.004087,60.852589,330.848502
2025-12-04 06:11:57,Mercurio,Sextil,Marte,0.000126,232.331047,172.330921
2025-12-04 17:50:09,Luna,Oposición,Venus,0.000097,69.611514,249.611417
2025-12-05 02:01:38,Marte,Cuadratura,Marte,0.000012,262.330933,172.330921
2025-12-05 08:25:32,Luna,Oposición,Mercurio,0.004685,78.924508,258.929193
2025-12-06 03:14:45,Luna,Trígono,Saturno,0.004050,90.844452,330.848502
2025-12-06 10:19:27,Luna,Oposición,Sol,0.004893,95.283946,275.279053
2025-12-06 16:58:49,Sol,Cuadratura,Urano,0.000336,254.826802,164.826466
2025-12-07 04:22:15,Luna,Sextil,Júpiter,0.003993,106.458698,46.462691
2025-12-08 04:06:47,Sol,Cuadratura,Plutón,0.000305,256.312685,166.312380
2025-12-08 11:38:54,Venus,Conjunción,Venus,0.000019,249.611436,249.611417
2025-12-09 07:06:47,Luna,Cuadratura,Júpiter,0.005023,136.467714,46.462691
2025-12-10 08:53:40,Luna,Oposición,Saturno,0.005895,150.854397,330.848502
2025-12-10 17:56:29,Sol,Conjunción,Mercurio,0.000039,258.929232,258.929193
2025-12-11 08:11:29,Sol,Sextil,Luna,0.000243,259.532584,199.532341
2025-12-11 10:53:12,Luna,Conjunción,Urano,0.002267,164.828733,164.826466
2025-12-11 13:41:57,Luna,Conjunción,Plutón,0.000274,166.312654,166.312380
2025-12-11 13:58:49,Luna,Trígono,Júpiter,0.001923,166.460768,46.462691
2025-12-12 01:12:25,Luna,Conjunción,Marte,0.002660,172.333581,172.330921
2025-12-12 15:07:44,Venus,Cuadratura,Urano,0.000272,254.826738,164.826466
2025-12-13 19:27:53,Venus,Cuadratura,Plutón,0.000174,256.312554,166.312380
2025-12-14 02:15:00,Sol,Cuadratura,Marte,0.000036,262.330957,172.330921
2025-12-14 06:45:42,Luna,Conjunción,Luna,0.005595,199.526746,199.532341
2025-12-15 21:21:47,Venus,Conjunción,Mercurio,0.000112,258.929305,258.929193
2025-12-16 08:52:15,Venus,Sextil,Luna,0.000499,259.532840,199.532341
2025-12-16 09:54:08,Luna,Sextil,Urano,0.005202,224.831668,164.826466
2025-12-16 12:54:08,Luna,Sextil,Plutón,0.001794,226.310586,166.312380
2025-12-16 13:12:25,Luna,Oposición,Júpiter,0.001900,226.460791,46.462691
2025-12-16 18:44:17,Luna,Conjunción,Neptuno,0.004751,229.187814,229.183063
2025-12-17 01:06:47,Luna,Sextil,Marte,0.000936,232.331857,172.330921
2025-12-18 12:03:30,Luna,Conjunción,Venus,0.005450,249.616867,249.611417
2025-12-18 14:12:53,Venus,Cuadratura,Marte,0.000256,262.330665,172.330921
2025-12-18 22:32:06,Luna,Cuadratura,Urano,0.001739,254.824727,164.826466
2025-12-19 01:30:42,Luna,Cuadratura,Plutón,0.005259,256.307121,166.312380
2025-12-19 03:06:19,Mercurio,Conjunción,Venus,0.000031,249.611448,249.611417
2025-12-19 06:45:42,Luna,Conjunción,Mercurio,0.004288,258.924905,258.929193
2025-12-19 07:58:49,Luna,Sextil,Luna,0.000858,259.533199,199.532341
2025-12-19 13:34:55,Luna,Cuadratura,Marte,0.001075,262.331996,172.330921
2025-12-20 15:21:47,Luna,Conjunción,Sol,0.002641,275.281694,275.279053
2025-12-21 10:12:25,Luna,Trígono,Urano,0.001249,284.825217,164.826466
2025-12-21 13:08:12,Luna,Trígono,Plutón,0.003096,286.315476,166.312380
2025-12-21 18:45:42,Luna,Sextil,Neptuno,0.001122,289.181941,229.183063
2025-12-21 19:26:29,Luna,Cuadratura,Luna,0.003567,289.528774,199.532341
2025-12-22 00:55:32,Luna,Trígono,Marte,0.000225,292.331146,172.330921
2025-12-22 06:56:57,Marte,Conjunción,Sol,0.000256,275.278797,275.279053
2025-12-22 18:06:19,Mercurio,Cuadratura,Urano,0.000342,254.826808,164.826466
2025-12-23 10:26:29,Luna,Sextil,Venus,0.005658,309.617075,249.611417
2025-12-23 18:27:25,Mercurio,Cuadratura,Plutón,0.000063,256.312443,166.312380
2025-12-24 04:15:14,Luna,Sextil,Mercurio,0.004129,318.933322,258.929193
2025-12-24 04:43:21,Luna,Cuadratura,Neptuno,0.003187,319.179876,229.183063
2025-12-24 05:24:08,Luna,Trígono,Luna,0.005171,319.537512,199.532341
2025-12-25 02:43:49,Luna,Conjunción,Saturno,0.002995,330.845507,330.848502
2025-12-25 11:00:14,Luna,Sextil,Sol,0.001647,335.280700,275.279053
2025-12-25 12:59:45,Mercurio,Conjunción,Mercurio,0.000061,258.929254,258.929193
2025-12-25 19:01:10,Luna,Cuadratura,Venus,0.004963,339.606454,249.611417
2025-12-25 22:44:45,Mercurio,Sextil,Luna,0.000209,259.532550,199.532341
2025-12-26 04:37:44,Luna,Oposición,Urano,0.005780,344.832246,164.826466
2025-12-26 07:19:27,Luna,Oposición,Plutón,0.006134,346.306246,166.312380
2025-12-26 12:06:19,Luna,Cuadratura,Mercurio,0.001038,348.930231,258.929193
2025-12-26 12:34:27,Luna,Trígono,Neptuno,0.005069,349.188132,229.183063
2025-12-26 18:16:10,Luna,Oposición,Marte,0.000171,352.331092,172.330921
2025-12-26 19:24:22,Sol,Conjunción,Sol,0.000051,275.279104,275.279053
2025-12-27 17:22:44,Luna,Cuadratura,Sol,0.004860,5.274193,275.279053
2025-12-27 19:43:21,Mercurio,Cuadratura,Marte,0.000019,262.330902,172.330921
2025-12-28 00:59:45,Luna,Trígono,Venus,0.000091,9.611508,249.611417
2025-12-28 17:08:40,Luna,Trígono,Mercurio,0.000659,18.929852,258.929193
2025-12-28 18:10:32,Luna,Oposición,Luna,0.001627,19.530714,199.532341
2025-12-28 21:06:19,Venus,Conjunción,Sol,0.000474,275.279527,275.279053
2025-12-29 13:22:15,Luna,Sextil,Saturno,0.006194,30.842308,330.848502
2025-12-29 20:48:02,Luna,Trígono,Sol,0.005415,35.284468,275.279053
2025-12-30 15:14:45,Luna,Conjunción,Júpiter,0.005116,46.457575,46.462691
2025-12-30 19:41:57,Luna,Oposición,Neptuno,0.000588,49.183651,229.183063
2025-12-31 14:35:23,Luna,Cuadratura,Saturno,0.003724,60.852226,330.848502
